{
  "v": "5.1.1",
  "fr": 60,
  "ip": 0,
  "op": 180,
  "w": 256,
  "h": 256,
  "nm": "PartlyCloudyDay",
  "ddd": 0,
  "assets": [],
  "layers": [
    {
      "ddd": 0,
      "ind": 1,
      "ty": 4,
      "nm": "cloud",
      "sr": 1,
      "ks": {
        "o": {
          "a": 0,
          "k": 100,
          "ix": 11
        },
        "r": {
          "a": 0,
          "k": 0,
          "ix": 10
        },
        "p": {
          "a": 1,
          "k": [
            {
              "i": {
                "x": 0.833,
                "y": 0.833
              },
              "o": {
                "x": 0.333,
                "y": 0
              },
              "n": "0p833_0p833_0p333_0",
              "t": 0,
              "s": [
                76.83,
                63.21,
                0
              ],
              "e": [
                78.83,
                63.21,
                0
              ],
              "to": [
                0.33333334326744,
                0,
                0
              ],
              "ti": [
                0,
                0,
                0
              ]
            },
            {
              "i": {
                "x": 0.833,
                "y": 0.833
              },
              "o": {
                "x": 0.333,
                "y": 0
              },
              "n": "0p833_0p833_0p333_0",
              "t": 45,
              "s": [
                78.83,
                63.21,
                0
              ],
              "e": [
                76.83,
                63.21,
                0
              ],
              "to": [
                0,
                0,
                0
              ],
              "ti": [
                0,
                0,
                0
              ]
            },
            {
              "i": {
                "x": 0.833,
                "y": 0.833
              },
              "o": {
                "x": 0.333,
                "y": 0
              },
              "n": "0p833_0p833_0p333_0",
              "t": 90,
              "s": [
                76.83,
                63.21,
                0
              ],
              "e": [
                78.83,
                63.21,
                0
              ],
              "to": [
                0,
                0,
                0
              ],
              "ti": [
                0,
                0,
                0
              ]
            },
            {
              "i": {
                "x": 0.833,
                "y": 0.833
              },
              "o": {
                "x": 0.333,
                "y": 0
              },
              "n": "0p833_0p833_0p333_0",
              "t": 135,
              "s": [
                78.83,
                63.21,
                0
              ],
              "e": [
                76.83,
                63.21,
                0
              ],
              "to": [
                0,
                0,
                0
              ],
              "ti": [
                0.33333334326744,
                0,
                0
              ]
            },
            {
              "t": 180
            }
          ],
          "ix": 2
        },
        "a": {
          "a": 0,
          "k": [
            45.49,
            27.05,
            0
          ],
          "ix": 1
        },
        "s": {
          "a": 0,
          "k": [
            100,
            100,
            100
          ],
          "ix": 6
        }
      },
      "ao": 0,
      "shapes": [
        {
          "ty": "gr",
          "it": [
            {
              "ind": 0,
              "ty": "sh",
              "ix": 1,
              "ks": {
                "a": 0,
                "k": {
                  "i": [
                    [
                      0,
                      0
                    ],
                    [
                      0,
                      0
                    ],
                    [
                      0,
                      10.5
                    ],
                    [
                      -10.88,
                      0
                    ],
                    [
                      -2.72,
                      -1.37
                    ],
                    [
                      -12.29,
                      0
                    ],
                    [
                      0,
                      -14.94
                    ],
                    [
                      0.01,
                      -0.3
                    ],
                    [
                      0,
                      -5.3
                    ],
                    [
                      7.96,
                      0
                    ],
                    [
                      0,
                      0
                    ],
                    [
                      0,
                      0
                    ],
                    [
                      0,
                      0
                    ]
                  ],
                  "o": [
                    [
                      0,
                      0
                    ],
                    [
                      -10.88,
                      0
                    ],
                    [
                      0,
                      -10.5
                    ],
                    [
                      3.29,
                      0
                    ],
                    [
                      3.79,
                      -10.61
                    ],
                    [
                      15.49,
                      0
                    ],
                    [
                      0,
                      0.31
                    ],
                    [
                      4.52,
                      2.35
                    ],
                    [
                      0,
                      7.67
                    ],
                    [
                      0,
                      0
                    ],
                    [
                      -0.05,
                      0
                    ],
                    [
                      0,
                      0
                    ],
                    [
                      0,
                      0
                    ]
                  ],
                  "v": [
                    [
                      55.05,
                      54.1
                    ],
                    [
                      19.71,
                      54.1
                    ],
                    [
                      0,
                      35.09
                    ],
                    [
                      19.71,
                      16.08
                    ],
                    [
                      28.82,
                      18.23
                    ],
                    [
                      55.35,
                      0
                    ],
                    [
                      83.4,
                      27.05
                    ],
                    [
                      83.38,
                      27.96
                    ],
                    [
                      90.98,
                      40.21
                    ],
                    [
                      76.57,
                      54.1
                    ],
                    [
                      55.35,
                      54.1
                    ],
                    [
                      55.05,
                      54.1
                    ],
                    [
                      55.35,
                      54.1
                    ]
                  ],
                  "c": true
                },
                "ix": 2
              },
              "nm": "Path 1",
              "mn": "ADBE Vector Shape - Group",
              "hd": false
            },
            {
              "ty": "st",
              "c": {
                "a": 0,
                "k": [
                  1,
                  1,
                  1,
                  1
                ],
                "ix": 3
              },
              "o": {
                "a": 0,
                "k": 100,
                "ix": 4
              },
              "w": {
                "a": 0,
                "k": 7,
                "ix": 5
              },
              "lc": 1,
              "lj": 1,
              "ml": 4,
              "nm": "Stroke 1",
              "mn": "ADBE Vector Graphic - Stroke",
              "hd": false
            },
            {
              "ty": "fl",
              "c": {
                "a": 0,
                "k": [
                  0.909803986549,
                  0.909803986549,
                  0.909803986549,
                  1
                ],
                "ix": 4
              },
              "o": {
                "a": 0,
                "k": 100,
                "ix": 5
              },
              "r": 1,
              "nm": "Fill 1",
              "mn": "ADBE Vector Graphic - Fill",
              "hd": false
            },
            {
              "ty": "tr",
              "p": {
                "a": 0,
                "k": [
                  0,
                  0
                ],
                "ix": 2
              },
              "a": {
                "a": 0,
                "k": [
                  0,
                  0
                ],
                "ix": 1
              },
              "s": {
                "a": 0,
                "k": [
                  100,
                  100
                ],
                "ix": 3
              },
              "r": {
                "a": 0,
                "k": 0,
                "ix": 6
              },
              "o": {
                "a": 0,
                "k": 100,
                "ix": 7
              },
              "sk": {
                "a": 0,
                "k": 0,
                "ix": 4
              },
              "sa": {
                "a": 0,
                "k": 0,
                "ix": 5
              },
              "nm": "Transform"
            }
          ],
          "nm": "Group 1",
          "np": 3,
          "cix": 2,
          "ix": 1,
          "mn": "ADBE Vector Group",
          "hd": false
        }
      ],
      "ip": 0,
      "op": 180,
      "st": 0,
      "bm": 0
    },
    {
      "ddd": 0,
      "ind": 2,
      "ty": 4,
      "nm": "cloud",
      "sr": 1,
      "ks": {
        "o": {
          "a": 0,
          "k": 100,
          "ix": 11
        },
        "r": {
          "a": 0,
          "k": 0,
          "ix": 10
        },
        "p": {
          "a": 1,
          "k": [
            {
              "i": {
                "x": 0.833,
                "y": 0.833
              },
              "o": {
                "x": 0.333,
                "y": 0
              },
              "n": "0p833_0p833_0p333_0",
              "t": 0,
              "s": [
                50.49,
                183.99,
                0
              ],
              "e": [
                53.49,
                183.99,
                0
              ],
              "to": [
                0.5,
                0,
                0
              ],
              "ti": [
                -3.56038412974158e-7,
                0,
                0
              ]
            },
            {
              "i": {
                "x": 0.833,
                "y": 0.833
              },
              "o": {
                "x": 0.333,
                "y": 0
              },
              "n": "0p833_0p833_0p333_0",
              "t": 40,
              "s": [
                53.49,
                183.99,
                0
              ],
              "e": [
                50.49,
                183.99,
                0
              ],
              "to": [
                3.56038412974158e-7,
                0,
                0
              ],
              "ti": [
                -3.56038412974158e-7,
                0,
                0
              ]
            },
            {
              "i": {
                "x": 0.833,
                "y": 0.833
              },
              "o": {
                "x": 0.333,
                "y": 0
              },
              "n": "0p833_0p833_0p333_0",
              "t": 85,
              "s": [
                50.49,
                183.99,
                0
              ],
              "e": [
                53.49,
                183.99,
                0
              ],
              "to": [
                3.56038412974158e-7,
                0,
                0
              ],
              "ti": [
                0,
                0,
                0
              ]
            },
            {
              "i": {
                "x": 0.833,
                "y": 0.833
              },
              "o": {
                "x": 0.333,
                "y": 0
              },
              "n": "0p833_0p833_0p333_0",
              "t": 130,
              "s": [
                53.49,
                183.99,
                0
              ],
              "e": [
                50.49,
                183.99,
                0
              ],
              "to": [
                0,
                0,
                0
              ],
              "ti": [
                0.5,
                0,
                0
              ]
            },
            {
              "t": 180
            }
          ],
          "ix": 2
        },
        "a": {
          "a": 0,
          "k": [
            45.49,
            27.05,
            0
          ],
          "ix": 1
        },
        "s": {
          "a": 0,
          "k": [
            100,
            100,
            100
          ],
          "ix": 6
        }
      },
      "ao": 0,
      "shapes": [
        {
          "ty": "gr",
          "it": [
            {
              "ind": 0,
              "ty": "sh",
              "ix": 1,
              "ks": {
                "a": 0,
                "k": {
                  "i": [
                    [
                      0,
                      0
                    ],
                    [
                      0,
                      0
                    ],
                    [
                      0,
                      10.5
                    ],
                    [
                      -10.88,
                      0
                    ],
                    [
                      -2.72,
                      -1.37
                    ],
                    [
                      -12.29,
                      0
                    ],
                    [
                      0,
                      -14.94
                    ],
                    [
                      0.01,
                      -0.3
                    ],
                    [
                      0,
                      -5.3
                    ],
                    [
                      7.96,
                      0
                    ],
                    [
                      0,
                      0
                    ],
                    [
                      0,
                      0
                    ],
                    [
                      0,
                      0
                    ]
                  ],
                  "o": [
                    [
                      0,
                      0
                    ],
                    [
                      -10.88,
                      0
                    ],
                    [
                      0,
                      -10.5
                    ],
                    [
                      3.29,
                      0
                    ],
                    [
                      3.79,
                      -10.61
                    ],
                    [
                      15.49,
                      0
                    ],
                    [
                      0,
                      0.31
                    ],
                    [
                      4.52,
                      2.35
                    ],
                    [
                      0,
                      7.67
                    ],
                    [
                      0,
                      0
                    ],
                    [
                      -0.05,
                      0
                    ],
                    [
                      0,
                      0
                    ],
                    [
                      0,
                      0
                    ]
                  ],
                  "v": [
                    [
                      55.05,
                      54.1
                    ],
                    [
                      19.71,
                      54.1
                    ],
                    [
                      0,
                      35.09
                    ],
                    [
                      19.71,
                      16.08
                    ],
                    [
                      28.82,
                      18.23
                    ],
                    [
                      55.35,
                      0
                    ],
                    [
                      83.4,
                      27.05
                    ],
                    [
                      83.38,
                      27.96
                    ],
                    [
                      90.98,
                      40.21
                    ],
                    [
                      76.57,
                      54.1
                    ],
                    [
                      55.35,
                      54.1
                    ],
                    [
                      55.05,
                      54.1
                    ],
                    [
                      55.35,
                      54.1
                    ]
                  ],
                  "c": true
                },
                "ix": 2
              },
              "nm": "Path 1",
              "mn": "ADBE Vector Shape - Group",
              "hd": false
            },
            {
              "ty": "st",
              "c": {
                "a": 0,
                "k": [
                  1,
                  1,
                  1,
                  1
                ],
                "ix": 3
              },
              "o": {
                "a": 0,
                "k": 100,
                "ix": 4
              },
              "w": {
                "a": 0,
                "k": 7,
                "ix": 5
              },
              "lc": 1,
              "lj": 1,
              "ml": 4,
              "nm": "Stroke 1",
              "mn": "ADBE Vector Graphic - Stroke",
              "hd": false
            },
            {
              "ty": "fl",
              "c": {
                "a": 0,
                "k": [
                  0.909803986549,
                  0.909803986549,
                  0.909803986549,
                  1
                ],
                "ix": 4
              },
              "o": {
                "a": 0,
                "k": 100,
                "ix": 5
              },
              "r": 1,
              "nm": "Fill 1",
              "mn": "ADBE Vector Graphic - Fill",
              "hd": false
            },
            {
              "ty": "tr",
              "p": {
                "a": 0,
                "k": [
                  0,
                  0
                ],
                "ix": 2
              },
              "a": {
                "a": 0,
                "k": [
                  0,
                  0
                ],
                "ix": 1
              },
              "s": {
                "a": 0,
                "k": [
                  100,
                  100
                ],
                "ix": 3
              },
              "r": {
                "a": 0,
                "k": 0,
                "ix": 6
              },
              "o": {
                "a": 0,
                "k": 100,
                "ix": 7
              },
              "sk": {
                "a": 0,
                "k": 0,
                "ix": 4
              },
              "sa": {
                "a": 0,
                "k": 0,
                "ix": 5
              },
              "nm": "Transform"
            }
          ],
          "nm": "Group 1",
          "np": 3,
          "cix": 2,
          "ix": 1,
          "mn": "ADBE Vector Group",
          "hd": false
        }
      ],
      "ip": 0,
      "op": 180,
      "st": 0,
      "bm": 0
    },
    {
      "ddd": 0,
      "ind": 3,
      "ty": 4,
      "nm": "cloud",
      "sr": 1,
      "ks": {
        "o": {
          "a": 0,
          "k": 100,
          "ix": 11
        },
        "r": {
          "a": 0,
          "k": 0,
          "ix": 10
        },
        "p": {
          "a": 1,
          "k": [
            {
              "i": {
                "x": 0.833,
                "y": 0.833
              },
              "o": {
                "x": 0.333,
                "y": 0
              },
              "n": "0p833_0p833_0p333_0",
              "t": 0,
              "s": [
                182.765,
                116.19,
                0
              ],
              "e": [
                186.765,
                116.19,
                0
              ],
              "to": [
                0.66666668653488,
                0,
                0
              ],
              "ti": [
                0,
                0,
                0
              ]
            },
            {
              "i": {
                "x": 0.833,
                "y": 0.833
              },
              "o": {
                "x": 0.333,
                "y": 0
              },
              "n": "0p833_0p833_0p333_0",
              "t": 50,
              "s": [
                186.765,
                116.19,
                0
              ],
              "e": [
                182.765,
                116.19,
                0
              ],
              "to": [
                0,
                0,
                0
              ],
              "ti": [
                0,
                0,
                0
              ]
            },
            {
              "i": {
                "x": 0.833,
                "y": 0.833
              },
              "o": {
                "x": 0.333,
                "y": 0
              },
              "n": "0p833_0p833_0p333_0",
              "t": 95,
              "s": [
                182.765,
                116.19,
                0
              ],
              "e": [
                186.765,
                116.19,
                0
              ],
              "to": [
                0,
                0,
                0
              ],
              "ti": [
                -1.01725255774454e-7,
                0,
                0
              ]
            },
            {
              "i": {
                "x": 0.833,
                "y": 0.833
              },
              "o": {
                "x": 0.333,
                "y": 0
              },
              "n": "0p833_0p833_0p333_0",
              "t": 140,
              "s": [
                186.765,
                116.19,
                0
              ],
              "e": [
                182.765,
                116.19,
                0
              ],
              "to": [
                1.01725255774454e-7,
                0,
                0
              ],
              "ti": [
                0.66666656732559,
                0,
                0
              ]
            },
            {
              "t": 180
            }
          ],
          "ix": 2
        },
        "a": {
          "a": 0,
          "k": [
            60.235,
            35.82,
            0
          ],
          "ix": 1
        },
        "s": {
          "a": 0,
          "k": [
            100,
            100,
            100
          ],
          "ix": 6
        }
      },
      "ao": 0,
      "shapes": [
        {
          "ty": "gr",
          "it": [
            {
              "ind": 0,
              "ty": "sh",
              "ix": 1,
              "ks": {
                "a": 0,
                "k": {
                  "i": [
                    [
                      0,
                      0
                    ],
                    [
                      0,
                      0
                    ],
                    [
                      0,
                      13.9
                    ],
                    [
                      -14.41,
                      0
                    ],
                    [
                      -3.61,
                      -1.82
                    ],
                    [
                      -16.28,
                      0
                    ],
                    [
                      0,
                      -19.78
                    ],
                    [
                      0.01,
                      -0.4
                    ],
                    [
                      0,
                      -7.01
                    ],
                    [
                      10.53,
                      0
                    ],
                    [
                      0,
                      0
                    ],
                    [
                      0,
                      0
                    ],
                    [
                      0,
                      0
                    ]
                  ],
                  "o": [
                    [
                      0,
                      0
                    ],
                    [
                      -14.41,
                      0
                    ],
                    [
                      0,
                      -13.9
                    ],
                    [
                      4.35,
                      0
                    ],
                    [
                      5.02,
                      -14.05
                    ],
                    [
                      20.51,
                      0
                    ],
                    [
                      0,
                      0.4
                    ],
                    [
                      5.99,
                      3.1
                    ],
                    [
                      0,
                      10.16
                    ],
                    [
                      0,
                      0
                    ],
                    [
                      -0.06,
                      0
                    ],
                    [
                      0,
                      0
                    ],
                    [
                      0,
                      0
                    ]
                  ],
                  "v": [
                    [
                      72.9,
                      71.64
                    ],
                    [
                      26.1,
                      71.64
                    ],
                    [
                      0,
                      46.47
                    ],
                    [
                      26.1,
                      21.3
                    ],
                    [
                      38.16,
                      24.14
                    ],
                    [
                      73.29,
                      0
                    ],
                    [
                      110.43,
                      35.82
                    ],
                    [
                      110.41,
                      37.03
                    ],
                    [
                      120.47,
                      53.24
                    ],
                    [
                      101.4,
                      71.64
                    ],
                    [
                      73.29,
                      71.64
                    ],
                    [
                      72.9,
                      71.64
                    ],
                    [
                      73.29,
                      71.64
                    ]
                  ],
                  "c": true
                },
                "ix": 2
              },
              "nm": "Path 1",
              "mn": "ADBE Vector Shape - Group",
              "hd": false
            },
            {
              "ty": "st",
              "c": {
                "a": 0,
                "k": [
                  1,
                  1,
                  1,
                  1
                ],
                "ix": 3
              },
              "o": {
                "a": 0,
                "k": 100,
                "ix": 4
              },
              "w": {
                "a": 0,
                "k": 7,
                "ix": 5
              },
              "lc": 1,
              "lj": 1,
              "ml": 4,
              "nm": "Stroke 1",
              "mn": "ADBE Vector Graphic - Stroke",
              "hd": false
            },
            {
              "ty": "fl",
              "c": {
                "a": 0,
                "k": [
                  0.909803986549,
                  0.909803986549,
                  0.909803986549,
                  1
                ],
                "ix": 4
              },
              "o": {
                "a": 0,
                "k": 100,
                "ix": 5
              },
              "r": 1,
              "nm": "Fill 1",
              "mn": "ADBE Vector Graphic - Fill",
              "hd": false
            },
            {
              "ty": "tr",
              "p": {
                "a": 0,
                "k": [
                  0,
                  0
                ],
                "ix": 2
              },
              "a": {
                "a": 0,
                "k": [
                  0,
                  0
                ],
                "ix": 1
              },
              "s": {
                "a": 0,
                "k": [
                  100,
                  100
                ],
                "ix": 3
              },
              "r": {
                "a": 0,
                "k": 0,
                "ix": 6
              },
              "o": {
                "a": 0,
                "k": 100,
                "ix": 7
              },
              "sk": {
                "a": 0,
                "k": 0,
                "ix": 4
              },
              "sa": {
                "a": 0,
                "k": 0,
                "ix": 5
              },
              "nm": "Transform"
            }
          ],
          "nm": "Group 1",
          "np": 3,
          "cix": 2,
          "ix": 1,
          "mn": "ADBE Vector Group",
          "hd": false
        }
      ],
      "ip": 0,
      "op": 180,
      "st": 0,
      "bm": 0
    },
    {
      "ddd": 0,
      "ind": 4,
      "ty": 4,
      "nm": "sun",
      "sr": 1,
      "ks": {
        "o": {
          "a": 0,
          "k": 100,
          "ix": 11
        },
        "r": {
          "a": 0,
          "k": 0,
          "ix": 10
        },
        "p": {
          "a": 0,
          "k": [
            129.275,
            127.375,
            0
          ],
          "ix": 2
        },
        "a": {
          "a": 0,
          "k": [
            0,
            0,
            0
          ],
          "ix": 1
        },
        "s": {
          "a": 0,
          "k": [
            100,
            100,
            100
          ],
          "ix": 6
        }
      },
      "ao": 0,
      "shapes": [
        {
          "ty": "gr",
          "it": [
            {
              "d": 1,
              "ty": "el",
              "s": {
                "a": 0,
                "k": [
                  170.59,
                  169.85
                ],
                "ix": 2
              },
              "p": {
                "a": 0,
                "k": [
                  0,
                  0
                ],
                "ix": 3
              },
              "nm": "Ellipse Path 1",
              "mn": "ADBE Vector Shape - Ellipse",
              "hd": false
            },
            {
              "ty": "fl",
              "c": {
                "a": 0,
                "k": [
                  1,
                  0.788235008717,
                  0.188234999776,
                  1
                ],
                "ix": 4
              },
              "o": {
                "a": 0,
                "k": 100,
                "ix": 5
              },
              "r": 1,
              "nm": "Fill 1",
              "mn": "ADBE Vector Graphic - Fill",
              "hd": false
            },
            {
              "ty": "tr",
              "p": {
                "a": 0,
                "k": [
                  0,
                  0
                ],
                "ix": 2
              },
              "a": {
                "a": 0,
                "k": [
                  0,
                  0
                ],
                "ix": 1
              },
              "s": {
                "a": 0,
                "k": [
                  100,
                  100
                ],
                "ix": 3
              },
              "r": {
                "a": 0,
                "k": 0,
                "ix": 6
              },
              "o": {
                "a": 0,
                "k": 100,
                "ix": 7
              },
              "sk": {
                "a": 0,
                "k": 0,
                "ix": 4
              },
              "sa": {
                "a": 0,
                "k": 0,
                "ix": 5
              },
              "nm": "Transform"
            }
          ],
          "nm": "sun",
          "np": 2,
          "cix": 2,
          "ix": 1,
          "mn": "ADBE Vector Group",
          "hd": false
        }
      ],
      "ip": 0,
      "op": 180,
      "st": 0,
      "bm": 0
    },
    {
      "ddd": 0,
      "ind": 5,
      "ty": 4,
      "nm": "bond",
      "sr": 1,
      "ks": {
        "o": {
          "a": 0,
          "k": 100,
          "ix": 11
        },
        "r": {
          "a": 0,
          "k": 0,
          "ix": 10
        },
        "p": {
          "a": 0,
          "k": [
            127,
            128,
            0
          ],
          "ix": 2
        },
        "a": {
          "a": 0,
          "k": [
            0,
            0,
            0
          ],
          "ix": 1
        },
        "s": {
          "a": 0,
          "k": [
            100,
            100,
            100
          ],
          "ix": 6
        }
      },
      "ao": 0,
      "shapes": [
        {
          "ty": "gr",
          "it": [
            {
              "ty": "rc",
              "d": 1,
              "s": {
                "a": 0,
                "k": [
                  256,
                  256
                ],
                "ix": 2
              },
              "p": {
                "a": 0,
                "k": [
                  0,
                  0
                ],
                "ix": 3
              },
              "r": {
                "a": 0,
                "k": 0,
                "ix": 4
              },
              "nm": "Rectangle Path 1",
              "mn": "ADBE Vector Shape - Rect",
              "hd": false
            },
            {
              "ty": "tr",
              "p": {
                "a": 0,
                "k": [
                  0,
                  0
                ],
                "ix": 2
              },
              "a": {
                "a": 0,
                "k": [
                  0,
                  0
                ],
                "ix": 1
              },
              "s": {
                "a": 0,
                "k": [
                  100,
                  100
                ],
                "ix": 3
              },
              "r": {
                "a": 0,
                "k": 0,
                "ix": 6
              },
              "o": {
                "a": 0,
                "k": 100,
                "ix": 7
              },
              "sk": {
                "a": 0,
                "k": 0,
                "ix": 4
              },
              "sa": {
                "a": 0,
                "k": 0,
                "ix": 5
              },
              "nm": "Transform"
            }
          ],
          "nm": "bond",
          "np": 1,
          "cix": 2,
          "ix": 1,
          "mn": "ADBE Vector Group",
          "hd": false
        }
      ],
      "ip": 0,
      "op": 180,
      "st": 0,
      "bm": 0
    }
  ],
  "markers": []
}